year,total_births,caesarean_births,vaginal_births,prop_caesarean,prop_vaginal,time
2017,12129,16542,34697,1.3638387336136533,2.8606645230439445,0
2018,11691,16159,32864,1.3821743221281328,2.8110512359934994,1
2019,11620,16268,30964,1.4,2.6647160068846816,2
2020,11401,16185,29102,1.419612314709236,2.5525831067450224,3
2021,10718,17336,28936,1.6174659451390185,2.699757417428625,4
2022,10782,17185,27202,1.5938601372658134,2.5229085512891856,5
2023,10245,18345,25489,1.7906295754026353,2.4879453391898485,6
2024,10623,13744,18395,1.293796479337287,1.7316200696601713,7
