year,rate_ratio,rr_lower,rr_upper,absolute_difference
1997,1.7722368939942743,1.7621112155413208,1.7824192017479492,0.051837644403760305
2002,1.7843308353209568,1.7758243398068927,1.7928771915756305,0.04622756396823852
2007,1.7951698318554266,1.7877798003600816,1.802589855554854,0.041105878150702733
2012,1.8048507604881707,1.798129307136978,1.8115969323688945,0.03645784333178253
2017,1.8134708342456107,1.8070812644612486,1.8198826516791948,0.03226166841045777
2022,1.8211253363633289,1.8148647952405366,1.8274071556667133,0.02849078175365099
