years_covered,total_years,mean_prop_vaginal,mean_prop_caesarean,trend_vaginal,trend_caesarean
2017 to 2024,8,0.6333911127310364,0.36660888726896357,-0.9890580234473083,0.9890580234473084
