years_covered,total_years,mean_prop_vaginal,mean_prop_caesarean,trend_vaginal,trend_caesarean
2017 to 2024,8,2.5414057812793724,1.482672188449472,-0.8085154196065836,0.4062115320185483
